tema,concepto
2,acceso_a_información_pública
2,acceso_a_la_cultura
2,al_agua
2,al_salario_equitativo
2,al_trabajo
1,amistad_cívica
2,artículo_19
4,asamblea_constituyente
1,autonomía_libertad
2,a_huelga
2,a_la_educación
2,a_la_honra__al_honor
2,a_la_identidad_cultural
2,a_la_información
2,a_la_integración_de_discapacidad
2,a_la_integridad_física_y_psíquica
2,a_la_nacionalidad
2,a_la_participación
2,a_la_salud
2,a_la_seguridad_social
2,a_la_seguridad_vida_sin_violencia
2,a_la_vida
2,a_la_vida_digna
2,a_la_vivienda_digna
2,a_sindicalizarse_y_a_la_negociación_colectiva
2,a_sufragio_votar
4,banco_central
1,bien_común_comunidad
1,buen_vivir
4,cambio_o_reforma_constitucional
1,ciudadanía
4,congreso_o_parlamento__estructura_y_funciones_
4,congreso_unicameral
4,contraloría_general_tribunales_de_cuentas
3,cumplimiento_de_las_leyes_y_normas
3,cumplimiento_de_obligaciones_fiscales
3,cumplimiento_de_tratados_y_obligaciones_internacionales
3,deberes_de_protección_de_conservación_de_la_naturaleza
3,deber_de_transparencia_en_los_actos_de_gobierno
4,defensor_del_pueblo_ciudadano
1,democracia
2,derechos_del_niño__niña_y_adolescente
2,derecho_al_agua
2,derecho_de_asociación
1,desarrollo
1,desarrollo_sustentable
1,descentralización
2,de_los_pueblos_indígenas
2,de_petición_ante_las_autoridades
2,de_propiedad
3,de_protección_y_conservación_de_patrimonio_histórico_y_cultural
3,de_satisfacer_cargas_públicas
1,dignidad
1,diversidad
4,división_territorial
3,educación_cívica
3,ejercicio_legítimo_y_no_abusivo_de_los_derechos
1,emprendimiento_libre
1,equidad_de_género
1,estado_de_derecho
4,estado_de_excepción
1,estado_garante
1,estado_laico
1,estado_solidario
1,familia
1,felicidad
4,fiscalización
4,forma_de_estado__federalismo_autonomías_regionales
1,fraternidad
4,fuerzas_armadas
4,gobierno_local_municipal
4,gobierno_nacional_estructura_y_funciones_
4,gobierno_provincial
4,gobierno_regional
1,identidad_cultural
1,igualdad
2,igualdad_ante_las_cargas_públicas
2,igualdad_ante_la_ley
2,igualdad_ante_los_tributos
2,igualdad_de_acceso_a_la_justicia_debido_proceso
2,igualdad_de_género
1,igualdad_de_oportunidades
1,inclusión
4,iniciativa_popular_de_ley
1,innovación_creatividad
1,integración
4,jefatura_de_gobierno
2,jubilación_digna
4,juicio_político__acusación_constitucional
1,justicia
4,justicia_constitucional
4,justicia_electoral
1,justicia_social
2,libertad_ambulatoria
2,libertad_de_conciencia
2,libertad_de_culto
2,libertad_de_enseñanza
2,libertad_de_expresión
2,libertad_de_trabajo
2,libertad_personal
2,libertad_religiosa
2,libre_iniciativa_económica___libre_empresa
1,medio_ambiente
4,ministerio_de_educación
4,ministerio_de_la_familia
4,ministerio_de_salud
4,ministerio_público__defensoría_pública
1,multiculturalidad
2,no_discriminación
1,participación_ciudadana
4,partidos_políticos
1,patriotismo
1,paz_convivencia_pacífica
4,plebiscitos__referendos_y_consultas
1,pluralismo
1,plurinacionalismo
4,poderes_del_estado
4,poder_judicial__estructura_y_funciones_
4,presidencia_de_la_república
2,privacidad_e_intimidad
1,probidad
3,promoción_de_los_derechos_fundamentales
2,proteccion_judicial_de_los_derechos
3,protección__promoción_y_respeto_de_los_derechos_humanos_y_fundamentales
4,régimen_de_gobierno_presidencial_semi-presidencial_parlamentario
1,república
1,respeto
2,respeto_a_la_naturaleza_medio_ambiente
1,respeto_conservación_de_la_naturaleza_o_medio_ambiente
3,respeto_de_derechos_de_otros
3,respeto_por_la_constitución
3,responsabilidad
3,responsabilidad_cívica
2,reunión_pacífica
1,seguridad
2,seguridad_social
3,servicio_a_la_comunidad
2,ser_elegido_en_cargos_públicos
2,sexuales_y_reproductivos
1,soberanía
1,soberanía_popular
1,solidaridad
1,subsidiaridad
1,tolerancia
2,trabajo_digno
1,transparencia
1,transparencia_y_publicidad
4,tribunal_constitucional
4,tribunal_de_defensa_de_la_libre_competencia
1,unidad
3,unidad_nacional_y_respeto_por_chile
3,voto_obligatorio
